symbol,date,previous_close,next_open,change_pct,registered_nearby
AI,2020-12-09,2.73,100.0,3563.003663003663,False
FCEL,2019-05-09,0.21,2.26,976.1904761904761,False
SNOW,2020-09-16,23.75,245.0,931.578947368421,False
LCID,2025-09-02,1.99,19.7,889.9497487437186,False
RIOT,2016-03-31,0.3,2.31,670.0,False
ARCT,2017-11-16,1.79,10.06,462.0111731843576,False
MARA,2019-04-08,0.605,3.0,395.86776859504135,False
MARA,2017-10-30,0.49,1.4,185.71428571428572,False
DD,2019-06-03,30.48,65.0,113.25459317585302,False
HLT,2017-01-04,27.39,57.3,109.20043811610074,False
BKNG,2026-04-06,4196.0,167.69,-96.00357483317445,False
SPCE,2017-10-23,10.01,1.85,-81.51848151848151,False
ICE,2016-11-04,269.47,53.92,-79.99035143058597,False
ISRG,2017-10-06,1089.68,366.0,-66.41215769767271,False
NIO,2018-09-12,14.67,6.05,-58.75937286980232,False
BE,2024-11-15,13.28,20.95,57.75602409638554,False
BNTX,2020-03-16,30.93,48.16,55.70643388296153,False
ARCT,2016-09-29,4.62,2.06,-55.41125541125541,False
BALL,2017-05-17,80.81,40.4,-50.00618735305037,False
TJX,2018-11-07,109.8899,55.75,-49.26740310073993,False
FISV,2018-03-20,147.27,74.85,-49.17498472193931,False
FAST,2019-05-23,64.28,33.53,-47.83758556316117,False
ARCT,2019-06-19,5.78,8.5,47.058823529411754,False
NTLA,2021-06-28,89.2,130.0,45.73991031390135,False
CMCSA,2017-02-21,75.27,41.18,-45.29028829546964,False
MARA,2020-03-16,0.6,0.3522,-41.29999999999999,False
MARA,2020-03-12,0.715,0.4501,-37.048951048951054,False
VERI,2019-06-12,8.56,5.5,-35.74766355140188,False
GREE,2022-06-17,3.12,4.2,34.61538461538463,False
ARCT,2016-06-24,4.1,5.5,34.14634146341464,False
MARA,2017-08-10,0.2,0.268,34.00000000000001,False
MLM,2019-04-29,160.04,213.95,33.68532866783305,False
FCEL,2017-09-12,1.5,1.0,-33.333333333333336,False
PLD,2017-03-01,50.94,34.58,-32.11621515508442,False
BLUE,2021-11-05,25.1,17.3,-31.075697211155383,False
DD,2019-04-02,54.92,38.0,-30.808448652585586,False
VERI,2022-06-15,6.05,7.87,30.082644628099175,False
CAN,2020-03-18,2.81,2.0101,-28.466192170818506,False
SOUN,2022-05-02,6.75,8.65,28.148148148148145,False
YUM,2016-11-01,86.28,62.11,-28.013444598980065,False
MARA,2017-07-31,0.25,0.32,28.000000000000004,False
SQM,2016-10-31,29.69,38.0,27.98922196025597,False
ZG,2020-03-24,31.01,39.58,27.636246372138018,False
SNAP,2022-10-21,7.8699,9.95,26.431085528405674,False
MMC,2021-03-08,117.01,146.27,25.00640970857193,False
